Ingreso_mensual,Tipo_ingreso,Edad,Ratio_deuda_ingreso,Historial_mora,Monto_credito,Monto_aprobado,Tasa_interes,Estado_credito
3497,Independiente,28,65,Con mora,17113,0,0,False
2862,Independiente,63,52,Sin mora,6708,6708,20,True
3648,Empleado,40,79,Sin mora,11117,11117,11,True
4523,Empleado,53,33,Sin mora,28244,28244,14,True
2766,Independiente,46,76,Sin mora,17345,0,0,False
2766,Empleado,59,74,Sin mora,20441,20441,21,True
4579,Independiente,41,11,Sin mora,25167,25167,22,True
3767,Empleado,62,42,Con mora,10339,0,0,False
2531,Empleado,63,78,Sin mora,6906,0,0,False
3543,Empleado,61,17,Sin mora,22416,22416,11,True
2537,Empleado,29,48,Con mora,7872,0,0,False
2534,Empleado,44,79,Con mora,10061,0,0,False
3242,Independiente,57,49,Sin mora,15961,15961,12,True
1087,Empleado,61,23,Sin mora,2336,2336,17,True
1275,Independiente,37,51,Sin mora,4453,0,0,False
2438,Empleado,44,24,Sin mora,10843,10843,19,True
1987,Empleado,41,46,Sin mora,7308,7308,11,True
3314,Empleado,59,15,Sin mora,9340,9340,13,True
2092,Empleado,61,52,Sin mora,13322,13322,17,True
1588,Empleado,59,46,Sin mora,10924,10924,15,True
4466,Empleado,33,62,Sin mora,15831,15831,15,True
2774,Empleado,31,54,Sin mora,18437,18437,18,True
3068,Independiente,39,48,Sin mora,13233,13233,19,True
1575,Independiente,31,58,Sin mora,7938,0,0,False
2456,Independiente,33,20,Sin mora,17526,17526,15,True
3111,Independiente,21,52,Sin mora,20221,20221,22,True
1849,Empleado,60,22,Sin mora,12630,12630,15,True
3376,Independiente,64,75,Sin mora,9524,0,0,False
2399,Empleado,39,15,Sin mora,5802,5802,18,True
2708,Independiente,32,40,Sin mora,19932,19932,19,True
2398,Independiente,28,59,Con mora,10376,0,0,False
4852,Empleado,28,42,Con mora,18085,18085,21,True
2987,Empleado,32,16,Sin mora,18962,18962,24,True
1942,Empleado,53,49,Sin mora,13630,13630,24,True
3823,Empleado,46,55,Sin mora,27430,27430,19,True
1779,Empleado,59,59,Sin mora,6931,6931,18,True
3209,Independiente,48,36,Sin mora,22826,22826,18,True
1040,Empleado,25,49,Con mora,2335,0,0,False
1672,Empleado,28,42,Sin mora,3842,3842,22,True
3197,Empleado,45,57,Sin mora,18354,18354,12,True
3738,Independiente,47,51,Con mora,8891,0,0,False
3171,Empleado,43,47,Con mora,12518,0,0,False
2884,Independiente,50,27,Con mora,17409,0,0,False
2699,Independiente,43,10,Sin mora,10860,10860,13,True
1521,Independiente,40,22,Sin mora,4681,4681,20,True
2280,Empleado,38,18,Sin mora,8409,8409,23,True
2539,Empleado,38,41,Sin mora,12049,12049,14,True
4057,Empleado,22,53,Sin mora,19686,19686,11,True
3344,Empleado,24,25,Sin mora,22398,22398,14,True
1237,Empleado,50,76,Con mora,8042,0,0,False
3324,Independiente,53,10,Sin mora,15759,15759,15,True
2615,Independiente,56,64,Sin mora,18499,0,0,False
2323,Empleado,38,54,Sin mora,6238,6238,13,True
3612,Independiente,57,36,Sin mora,12758,12758,17,True
4031,Empleado,39,14,Sin mora,28087,28087,14,True
3931,Empleado,48,54,Sin mora,16777,16777,21,True
2161,Empleado,60,37,Sin mora,17044,17044,11,True
2691,Empleado,40,76,Con mora,12910,0,0,False
3331,Empleado,53,48,Sin mora,22490,22490,14,True
3976,Empleado,32,76,Con mora,17549,0,0,False
2521,Empleado,35,25,Sin mora,11470,11470,14,True
2814,Empleado,61,61,Sin mora,12093,12093,21,True
1894,Independiente,59,53,Sin mora,11960,0,0,False
1804,Empleado,22,62,Sin mora,9534,0,0,False
3813,Empleado,49,25,Sin mora,29218,29218,19,True
4356,Independiente,61,57,Sin mora,15269,15269,17,True
2928,Empleado,30,45,Con mora,7623,0,0,False
4004,Empleado,22,62,Con mora,17456,0,0,False
3362,Empleado,31,33,Sin mora,19164,19164,13,True
2355,Independiente,33,72,Con mora,16873,0,0,False
3361,Empleado,30,16,Sin mora,13703,13703,16,True
4538,Empleado,34,67,Con mora,26877,0,0,False
2964,Independiente,38,70,Sin mora,12156,0,0,False
4565,Independiente,29,67,Sin mora,26036,26036,14,True
800,Empleado,59,46,Con mora,5847,0,0,False
3822,Independiente,48,41,Sin mora,12949,12949,14,True
3087,Empleado,23,80,Con mora,13661,0,0,False
2701,Empleado,40,26,Sin mora,21499,21499,12,True
3092,Independiente,26,48,Sin mora,22297,22297,19,True
1012,Empleado,47,57,Sin mora,5452,0,0,False
2780,Empleado,22,59,Sin mora,14177,14177,15,True
3357,Empleado,49,24,Sin mora,12446,12446,11,True
4478,Independiente,58,56,Con mora,22852,0,0,False
2482,Empleado,23,67,Sin mora,17595,17595,24,True
2192,Independiente,36,14,Con mora,13395,0,0,False
2498,Independiente,50,74,Con mora,9343,0,0,False
3915,Empleado,60,12,Sin mora,12562,12562,11,True
3329,Independiente,22,35,Con mora,11955,0,0,False
2470,Empleado,37,11,Con mora,7456,0,0,False
3513,Independiente,61,15,Con mora,9042,0,0,False
3097,Empleado,32,74,Con mora,13982,0,0,False
3969,Independiente,55,35,Con mora,10636,0,0,False
2298,Empleado,63,40,Sin mora,6966,6966,23,True
2672,Empleado,21,25,Sin mora,14119,14119,23,True
2608,Independiente,35,52,Con mora,7792,0,0,False
1536,Independiente,46,52,Sin mora,3661,0,0,False
3296,Independiente,57,36,Sin mora,12869,12869,12,True
3261,Empleado,41,33,Sin mora,10833,10833,19,True
3005,Independiente,51,72,Con mora,15301,0,0,False
2765,Empleado,45,37,Sin mora,7228,7228,13,True
1585,Empleado,43,45,Con mora,10319,0,0,False
2579,Independiente,44,30,Sin mora,19181,19181,13,True
2657,Empleado,58,65,Sin mora,17166,17166,15,True
2198,Empleado,48,38,Sin mora,11423,11423,19,True
2839,Independiente,41,46,Sin mora,20339,20339,20,True
3404,Independiente,63,28,Sin mora,21001,21001,20,True
4886,Independiente,38,79,Con mora,10081,0,0,False
3175,Empleado,56,30,Con mora,13857,0,0,False
3258,Empleado,55,64,Sin mora,23150,23150,18,True
2926,Empleado,29,40,Sin mora,11924,11924,17,True
1081,Empleado,58,24,Con mora,2390,0,0,False
2973,Empleado,50,66,Con mora,19256,0,0,False
3060,Empleado,64,33,Sin mora,20845,20845,12,True
5463,Empleado,54,71,Sin mora,16190,16190,21,True
2808,Independiente,52,74,Sin mora,14669,0,0,False
3302,Independiente,23,70,Con mora,10407,0,0,False
2965,Independiente,23,12,Sin mora,18725,18725,16,True
1831,Independiente,48,65,Sin mora,6645,0,0,False
4143,Empleado,64,39,Sin mora,16146,16146,13,True
3752,Empleado,35,71,Con mora,26526,0,0,False
3791,Independiente,61,55,Sin mora,18416,18416,13,True
2091,Independiente,43,68,Sin mora,12585,0,0,False
4403,Empleado,60,45,Sin mora,19436,19436,18,True
1598,Empleado,31,47,Sin mora,6053,6053,20,True
3587,Independiente,52,20,Sin mora,20636,20636,13,True
5190,Empleado,56,65,Con mora,15202,0,0,False
2009,Independiente,53,39,Con mora,8514,0,0,False
2434,Independiente,44,45,Con mora,7921,0,0,False
3100,Empleado,59,65,Con mora,19142,0,0,False
2497,Empleado,54,52,Sin mora,19140,19140,24,True
1449,Independiente,48,24,Con mora,11553,0,0,False
3069,Empleado,57,51,Sin mora,14429,14429,21,True
1938,Empleado,27,39,Sin mora,6812,6812,23,True
3474,Empleado,24,43,Con mora,16178,0,0,False
2081,Empleado,57,12,Sin mora,14741,14741,17,True
4550,Empleado,21,25,Sin mora,14724,14724,13,True
2217,Empleado,21,30,Sin mora,17099,17099,18,True
2678,Empleado,40,60,Sin mora,10849,10849,20,True
3814,Independiente,39,11,Sin mora,30187,30187,15,True
1769,Independiente,49,39,Con mora,12439,0,0,False
3227,Independiente,30,75,Con mora,22110,0,0,False
4307,Empleado,38,18,Sin mora,16829,16829,16,True
1393,Independiente,48,46,Sin mora,2859,0,0,False
3185,Empleado,55,65,Sin mora,13673,13673,23,True
3260,Empleado,63,76,Con mora,12423,0,0,False
3782,Independiente,51,62,Sin mora,8413,8413,23,True
1763,Empleado,47,60,Sin mora,8872,0,0,False
1680,Empleado,31,68,Sin mora,7423,0,0,False
3522,Empleado,58,41,Sin mora,20453,20453,21,True
3297,Independiente,25,66,Sin mora,18882,0,0,False
3250,Empleado,28,11,Con mora,8855,8855,17,True
3346,Empleado,54,75,Sin mora,26306,26306,12,True
2320,Empleado,32,41,Sin mora,7242,7242,16,True
3232,Empleado,58,49,Sin mora,15099,15099,14,True
3293,Empleado,21,28,Con mora,16230,0,0,False
2286,Empleado,51,62,Sin mora,15724,15724,15,True
4866,Empleado,24,15,Sin mora,12629,12629,11,True
3474,Empleado,25,71,Sin mora,15883,15883,14,True
1809,Independiente,50,68,Sin mora,10440,0,0,False
3657,Empleado,44,25,Con mora,12035,0,0,False
2025,Empleado,23,67,Sin mora,11674,0,0,False
3787,Empleado,31,65,Con mora,28562,0,0,False
4159,Independiente,24,54,Sin mora,33210,33210,10,True
2179,Empleado,46,36,Con mora,4782,0,0,False
3963,Independiente,47,29,Sin mora,13528,13528,12,True
3413,Empleado,63,26,Con mora,13180,0,0,False
3822,Independiente,47,32,Sin mora,16797,16797,11,True
4897,Empleado,62,73,Sin mora,16912,16912,24,True
2755,Empleado,26,15,Con mora,8874,0,0,False
2246,Independiente,35,68,Sin mora,17356,0,0,False
2110,Empleado,50,34,Sin mora,15848,15848,23,True
2184,Empleado,62,47,Sin mora,4984,4984,18,True
2923,Empleado,57,66,Sin mora,11788,11788,14,True
3341,Empleado,57,72,Sin mora,14804,14804,22,True
3277,Empleado,62,34,Sin mora,11254,11254,24,True
3827,Empleado,57,42,Sin mora,22094,22094,17,True
3013,Empleado,55,39,Con mora,17603,0,0,False
4454,Empleado,43,11,Sin mora,31637,31637,22,True
2735,Independiente,26,31,Con mora,17628,0,0,False
5720,Empleado,24,42,Con mora,30061,30061,23,True
3626,Empleado,38,39,Sin mora,21471,21471,20,True
2143,Empleado,29,61,Sin mora,7809,7809,14,True
1929,Empleado,49,37,Sin mora,10722,10722,24,True
3482,Empleado,33,44,Sin mora,17185,17185,12,True
2777,Empleado,37,40,Con mora,7776,0,0,False
3714,Independiente,52,62,Sin mora,12833,12833,18,True
3473,Empleado,42,70,Sin mora,13024,13024,18,True
2927,Independiente,24,47,Sin mora,22087,22087,10,True
2153,Independiente,25,65,Sin mora,7282,0,0,False
1485,Independiente,57,31,Sin mora,5547,0,0,False
2553,Independiente,61,48,Sin mora,10764,10764,16,True
3856,Empleado,33,34,Con mora,23068,0,0,False
3214,Independiente,54,39,Sin mora,8708,8708,16,True
1754,Empleado,42,61,Sin mora,13547,0,0,False
3173,Independiente,43,72,Con mora,22825,0,0,False
3385,Independiente,23,19,Sin mora,18493,18493,24,True
2116,Independiente,62,54,Con mora,12790,0,0,False
3154,Independiente,54,51,Con mora,6623,0,0,False
3058,Empleado,52,18,Con mora,12335,0,0,False
1857,Empleado,41,25,Con mora,12579,0,0,False
3358,Empleado,64,32,Sin mora,8277,8277,10,True
3561,Empleado,41,22,Con mora,13154,0,0,False
4083,Independiente,64,27,Sin mora,22505,22505,16,True
4054,Empleado,31,29,Con mora,14345,14345,25,True
1622,Empleado,59,33,Con mora,12333,0,0,False
2062,Empleado,24,62,Con mora,5745,0,0,False
3515,Independiente,21,50,Con mora,23847,0,0,False
3514,Independiente,48,79,Sin mora,17738,0,0,False
3515,Independiente,44,39,Con mora,22854,0,0,False
6853,Independiente,55,63,Sin mora,26482,26482,13,True
3571,Empleado,33,71,Con mora,18165,0,0,False
4136,Empleado,54,58,Sin mora,29535,29535,21,True
3954,Empleado,31,39,Sin mora,18984,18984,18,True
3651,Empleado,56,63,Sin mora,15182,15182,16,True
2685,Empleado,37,24,Sin mora,14007,14007,13,True
3759,Empleado,55,33,Con mora,23697,0,0,False
2227,Empleado,38,48,Sin mora,10381,10381,10,True
2763,Independiente,60,50,Sin mora,21091,21091,11,True
2515,Independiente,42,12,Sin mora,9481,9481,18,True
3082,Independiente,44,76,Con mora,14956,0,0,False
5315,Empleado,39,59,Sin mora,34768,34768,14,True
1133,Empleado,57,45,Sin mora,6951,6951,15,True
3686,Independiente,59,75,Sin mora,26472,0,0,False
1387,Empleado,41,41,Sin mora,11069,11069,16,True
2528,Independiente,28,79,Sin mora,11531,0,0,False
4089,Empleado,48,46,Sin mora,10905,10905,24,True
3064,Independiente,25,18,Sin mora,6687,6687,20,True
1922,Independiente,37,64,Con mora,12226,0,0,False
2285,Empleado,57,58,Con mora,16553,0,0,False
3680,Independiente,56,64,Sin mora,12233,12233,17,True
2270,Independiente,39,77,Con mora,6698,0,0,False
3216,Independiente,47,64,Sin mora,7632,0,0,False
3046,Empleado,54,53,Sin mora,21128,21128,17,True
2348,Empleado,31,70,Sin mora,9083,9083,24,True
5144,Independiente,32,57,Sin mora,22686,22686,11,True
3634,Empleado,41,39,Sin mora,18230,18230,23,True
975,Empleado,31,72,Sin mora,6861,0,0,False
3186,Independiente,59,26,Sin mora,18813,18813,23,True
2338,Empleado,48,60,Con mora,13304,0,0,False
3852,Independiente,25,72,Sin mora,11764,11764,20,True
2207,Independiente,37,61,Sin mora,11210,0,0,False
2885,Empleado,40,59,Sin mora,18153,18153,17,True
3505,Independiente,61,63,Sin mora,27478,27478,23,True
3866,Empleado,32,43,Sin mora,12404,12404,24,True
1800,Empleado,26,71,Sin mora,3703,0,0,False
2665,Independiente,37,24,Con mora,6534,0,0,False
2525,Empleado,39,19,Sin mora,10744,10744,19,True
2347,Independiente,46,30,Sin mora,16249,16249,23,True
4765,Empleado,64,47,Sin mora,9734,9734,18,True
3405,Empleado,64,46,Sin mora,16141,16141,22,True
1739,Empleado,52,67,Sin mora,6913,0,0,False
3918,Empleado,26,38,Sin mora,9070,9070,11,True
5122,Independiente,56,44,Sin mora,24081,24081,16,True
4032,Empleado,58,11,Sin mora,14227,14227,17,True
1481,Empleado,31,39,Sin mora,6089,6089,12,True
2516,Empleado,53,55,Sin mora,15684,15684,12,True
4267,Empleado,44,11,Sin mora,21887,21887,18,True
2292,Empleado,43,30,Sin mora,6298,6298,11,True
3444,Independiente,35,25,Sin mora,26755,26755,15,True
3775,Independiente,47,13,Sin mora,21953,21953,21,True
2073,Empleado,31,44,Sin mora,13672,13672,24,True
2940,Empleado,37,23,Sin mora,7277,7277,21,True
800,Empleado,34,62,Sin mora,1826,0,0,False
1976,Empleado,47,69,Sin mora,4183,0,0,False
2747,Independiente,38,48,Con mora,8606,0,0,False
1752,Independiente,48,79,Sin mora,7860,0,0,False
4632,Empleado,24,42,Con mora,35272,35272,21,True
1570,Independiente,27,46,Sin mora,7446,0,0,False
2560,Empleado,55,79,Sin mora,9578,0,0,False
3131,Empleado,29,26,Sin mora,16819,16819,21,True
4441,Empleado,28,76,Sin mora,11865,11865,10,True
1564,Independiente,37,13,Sin mora,8848,8848,19,True
4163,Empleado,37,41,Sin mora,22524,22524,12,True
3010,Empleado,53,15,Sin mora,20323,20323,18,True
2018,Empleado,52,61,Sin mora,15983,15983,18,True
3462,Independiente,28,53,Con mora,12135,0,0,False
3199,Empleado,39,59,Con mora,16180,0,0,False
2400,Empleado,58,36,Sin mora,17888,17888,19,True
3070,Independiente,23,36,Sin mora,20603,20603,23,True
2615,Independiente,25,13,Sin mora,12877,12877,23,True
3114,Independiente,33,34,Sin mora,23891,23891,17,True
3662,Empleado,51,75,Sin mora,8582,8582,21,True
4586,Empleado,36,37,Con mora,34789,34789,15,True
1762,Empleado,52,68,Sin mora,4058,0,0,False
5133,Independiente,42,69,Sin mora,27122,27122,13,True
1048,Independiente,49,36,Sin mora,7695,0,0,False
2848,Empleado,42,54,Con mora,10185,0,0,False
3588,Empleado,63,17,Sin mora,17343,17343,11,True
3281,Empleado,23,17,Sin mora,12947,12947,20,True
2377,Independiente,30,13,Con mora,18333,0,0,False
2792,Empleado,62,51,Sin mora,19382,19382,15,True
2507,Empleado,41,40,Con mora,15679,0,0,False
2411,Empleado,36,48,Sin mora,13323,13323,16,True
3850,Empleado,32,46,Con mora,26656,0,0,False
3357,Empleado,22,35,Sin mora,14615,14615,20,True
2307,Empleado,61,57,Sin mora,10809,10809,15,True
3900,Independiente,44,63,Con mora,24882,0,0,False
3307,Independiente,55,11,Sin mora,13713,13713,23,True
3813,Empleado,50,25,Sin mora,9088,9088,14,True
3630,Empleado,50,60,Sin mora,8879,8879,25,True
2171,Independiente,55,37,Sin mora,5845,5845,16,True
2440,Independiente,39,56,Sin mora,17612,0,0,False
3747,Independiente,28,34,Sin mora,18111,18111,16,True
3610,Empleado,46,37,Sin mora,22661,22661,11,True
2979,Independiente,60,21,Sin mora,12981,12981,12,True
3117,Independiente,27,28,Sin mora,11072,11072,16,True
4278,Independiente,50,52,Sin mora,17468,17468,21,True
2408,Independiente,27,40,Con mora,16290,0,0,False
3547,Independiente,23,64,Con mora,20400,0,0,False
2798,Empleado,21,70,Con mora,21337,0,0,False
2782,Independiente,56,48,Sin mora,16910,16910,20,True
4099,Empleado,45,63,Sin mora,22221,22221,20,True
3825,Independiente,57,31,Sin mora,21654,21654,22,True
3814,Empleado,21,39,Sin mora,29193,29193,22,True
4305,Empleado,35,60,Sin mora,28969,28969,23,True
3021,Empleado,57,37,Sin mora,6478,6478,16,True
3682,Empleado,33,51,Sin mora,19164,19164,20,True
2690,Independiente,60,23,Con mora,16490,0,0,False
3324,Independiente,28,52,Sin mora,21580,21580,25,True
2870,Empleado,25,70,Sin mora,9410,9410,13,True
3097,Empleado,29,71,Sin mora,22308,22308,10,True
3595,Empleado,21,61,Sin mora,27808,27808,12,True
2182,Empleado,56,62,Con mora,7463,0,0,False
5092,Empleado,55,49,Sin mora,37150,37150,17,True
1994,Empleado,22,51,Sin mora,5148,5148,17,True
1786,Independiente,60,19,Sin mora,4169,4169,24,True
4158,Empleado,43,41,Sin mora,11540,11540,24,True
3792,Empleado,29,42,Sin mora,8898,8898,15,True
3624,Independiente,54,77,Con mora,25622,0,0,False
3628,Empleado,34,40,Con mora,8541,0,0,False
2988,Independiente,24,48,Con mora,10846,0,0,False
2103,Empleado,50,47,Sin mora,5515,5515,18,True
3076,Independiente,51,55,Con mora,11604,0,0,False
2323,Empleado,58,62,Sin mora,5908,5908,14,True
3975,Empleado,31,26,Sin mora,23882,23882,22,True
2853,Independiente,55,47,Sin mora,7988,7988,19,True
2175,Empleado,28,68,Sin mora,15467,15467,18,True
2679,Empleado,23,42,Sin mora,18494,18494,11,True
3413,Empleado,34,29,Con mora,7106,0,0,False
2436,Independiente,33,56,Sin mora,17964,0,0,False
2178,Independiente,52,68,Sin mora,4734,0,0,False
3244,Independiente,54,14,Sin mora,11152,11152,19,True
3245,Empleado,39,64,Con mora,7121,0,0,False
2493,Empleado,58,68,Con mora,10010,0,0,False
2529,Empleado,36,42,Con mora,12855,0,0,False
3232,Empleado,22,79,Sin mora,21913,21913,19,True
1552,Empleado,60,65,Sin mora,6251,0,0,False
1593,Empleado,37,64,Sin mora,9929,0,0,False
2282,Independiente,54,62,Sin mora,7131,0,0,False
2787,Empleado,62,21,Sin mora,18126,18126,13,True
3311,Independiente,36,25,Sin mora,11310,11310,20,True
4475,Empleado,58,42,Sin mora,12804,12804,20,True
3858,Empleado,22,28,Con mora,12008,0,0,False
2840,Empleado,22,39,Sin mora,8782,8782,21,True
2981,Independiente,46,72,Sin mora,15135,0,0,False
1997,Independiente,33,68,Sin mora,14116,0,0,False
2981,Independiente,51,54,Con mora,7386,0,0,False
2711,Independiente,54,70,Con mora,16921,0,0,False
3323,Independiente,59,65,Con mora,19692,0,0,False
2173,Empleado,23,40,Con mora,15722,0,0,False
3519,Empleado,28,24,Sin mora,12193,12193,21,True
4533,Independiente,43,46,Sin mora,21308,21308,20,True
2891,Independiente,34,62,Sin mora,21841,0,0,False
3402,Empleado,47,41,Sin mora,20276,20276,17,True
3690,Empleado,49,57,Sin mora,15987,15987,18,True
2599,Empleado,59,17,Sin mora,7247,7247,23,True
3224,Empleado,59,62,Con mora,11526,0,0,False
3013,Empleado,21,67,Con mora,16533,0,0,False
3098,Empleado,37,59,Con mora,19545,0,0,False
2227,Empleado,61,78,Con mora,6117,0,0,False
3025,Independiente,50,68,Sin mora,16933,0,0,False
3498,Empleado,33,73,Sin mora,18547,18547,19,True
4451,Independiente,41,75,Sin mora,22628,22628,24,True
3959,Empleado,39,66,Sin mora,24311,24311,20,True
5153,Independiente,39,57,Con mora,36198,0,0,False
2233,Empleado,45,10,Sin mora,8793,8793,10,True
3872,Empleado,42,43,Con mora,28398,0,0,False
3183,Empleado,51,50,Sin mora,9434,9434,14,True
5190,Empleado,37,31,Sin mora,15768,15768,21,True
2192,Independiente,43,32,Sin mora,7893,7893,13,True
2160,Independiente,52,77,Sin mora,5869,0,0,False
2401,Empleado,30,72,Sin mora,8120,8120,13,True
876,Independiente,30,69,Sin mora,2311,0,0,False
2474,Empleado,56,38,Con mora,17146,0,0,False
2241,Independiente,28,11,Sin mora,6351,6351,23,True
3150,Empleado,40,16,Sin mora,20424,20424,22,True
3342,Empleado,52,32,Sin mora,7645,7645,21,True
4876,Empleado,34,11,Sin mora,37502,37502,22,True
3950,Independiente,48,11,Con mora,24754,0,0,False
2423,Empleado,44,74,Sin mora,4945,0,0,False
2102,Empleado,35,59,Con mora,13838,0,0,False
3492,Empleado,42,32,Sin mora,17755,17755,15,True
1680,Empleado,50,19,Con mora,11216,0,0,False
4831,Empleado,24,46,Sin mora,24807,24807,12,True
4179,Independiente,33,10,Sin mora,24431,24431,21,True
2531,Empleado,43,76,Sin mora,17003,0,0,False
1287,Independiente,28,39,Sin mora,5702,0,0,False
4354,Independiente,38,38,Sin mora,8779,8779,17,True
2885,Independiente,32,37,Sin mora,20483,20483,13,True
4238,Independiente,51,15,Sin mora,18161,18161,21,True
1406,Independiente,34,55,Sin mora,6997,0,0,False
2401,Independiente,54,61,Sin mora,4914,0,0,False
3005,Empleado,38,57,Con mora,14882,0,0,False
3047,Empleado,54,20,Sin mora,24129,24129,19,True
2550,Empleado,31,51,Sin mora,9357,9357,20,True
3623,Empleado,61,50,Sin mora,15842,15842,16,True
1932,Independiente,32,71,Con mora,11830,0,0,False
2858,Empleado,35,37,Sin mora,19688,19688,23,True
3120,Empleado,51,36,Sin mora,14054,14054,21,True
3514,Independiente,49,53,Con mora,13557,0,0,False
3712,Empleado,46,54,Con mora,28311,0,0,False
1875,Independiente,38,43,Sin mora,11368,0,0,False
1466,Empleado,52,41,Sin mora,3979,3979,13,True
4278,Empleado,42,45,Con mora,10325,0,0,False
3332,Independiente,58,70,Sin mora,16331,0,0,False
2252,Independiente,37,42,Sin mora,7478,7478,19,True
4551,Empleado,43,76,Sin mora,16037,16037,16,True
3116,Empleado,44,45,Con mora,22641,0,0,False
4179,Independiente,28,76,Sin mora,10604,10604,19,True
3068,Empleado,61,68,Con mora,19304,0,0,False
5061,Independiente,26,35,Sin mora,18356,18356,11,True
4755,Empleado,25,70,Sin mora,31202,31202,10,True
2751,Empleado,64,18,Sin mora,17426,17426,17,True
3972,Independiente,49,75,Sin mora,8120,8120,19,True
3645,Independiente,48,54,Con mora,18425,0,0,False
4369,Independiente,31,14,Con mora,12390,0,0,False
2035,Independiente,21,55,Sin mora,14647,0,0,False
3686,Independiente,63,78,Sin mora,26648,0,0,False
4058,Empleado,39,15,Sin mora,18302,18302,25,True
1241,Independiente,29,49,Sin mora,5791,0,0,False
1817,Empleado,47,62,Sin mora,6940,0,0,False
961,Empleado,54,67,Sin mora,6054,0,0,False
2731,Empleado,64,39,Sin mora,11339,11339,17,True
3718,Empleado,24,24,Con mora,13410,0,0,False
4502,Independiente,56,13,Con mora,20679,20679,23,True
3074,Empleado,38,51,Sin mora,7835,7835,15,True
4629,Empleado,35,42,Con mora,29994,29994,14,True
1620,Empleado,33,76,Sin mora,3362,0,0,False
1297,Independiente,39,14,Sin mora,7609,7609,21,True
2944,Empleado,26,58,Sin mora,9118,9118,13,True
3384,Empleado,32,12,Sin mora,11487,11487,17,True
2967,Independiente,57,22,Sin mora,17250,17250,22,True
933,Independiente,37,42,Sin mora,7424,0,0,False
2911,Empleado,43,42,Con mora,19406,0,0,False
1696,Empleado,46,58,Con mora,5690,0,0,False
3670,Empleado,49,74,Sin mora,11216,11216,19,True
3367,Empleado,53,55,Con mora,24234,0,0,False
2060,Independiente,47,77,Sin mora,9610,0,0,False
2486,Empleado,45,72,Sin mora,7016,7016,21,True
1941,Empleado,30,51,Sin mora,13923,13923,19,True
2937,Independiente,43,68,Sin mora,20255,0,0,False
3955,Independiente,41,55,Sin mora,31258,31258,16,True
2014,Empleado,41,15,Sin mora,15021,15021,25,True
3504,Independiente,63,62,Sin mora,24916,24916,12,True
2470,Empleado,33,17,Con mora,5719,0,0,False
2207,Independiente,57,52,Sin mora,5797,0,0,False
2893,Independiente,53,59,Sin mora,15662,0,0,False
1965,Independiente,44,15,Sin mora,10196,10196,12,True
2446,Empleado,64,26,Sin mora,11613,11613,14,True
1802,Empleado,31,74,Sin mora,7894,0,0,False
4965,Empleado,37,53,Con mora,22776,0,0,False
3035,Empleado,24,27,Sin mora,16437,16437,14,True
2300,Independiente,45,58,Sin mora,4629,0,0,False
3214,Empleado,50,52,Sin mora,11456,11456,17,True
2888,Empleado,29,45,Sin mora,14757,14757,23,True
2779,Empleado,41,78,Sin mora,17600,17600,16,True
3614,Independiente,40,58,Sin mora,11004,11004,12,True
3758,Empleado,39,36,Con mora,19847,0,0,False
2469,Independiente,39,66,Sin mora,15522,0,0,False
2424,Independiente,32,72,Sin mora,11315,0,0,False
2725,Empleado,57,19,Sin mora,5893,5893,25,True
800,Empleado,62,24,Sin mora,3756,3756,23,True
1485,Independiente,37,25,Sin mora,5611,5611,11,True
4367,Independiente,57,58,Con mora,33093,0,0,False
4645,Empleado,59,52,Sin mora,12763,12763,14,True
2751,Empleado,48,53,Sin mora,16272,16272,18,True
3577,Empleado,61,76,Sin mora,8285,8285,14,True
3311,Empleado,55,64,Sin mora,15486,15486,15,True
6079,Empleado,38,19,Sin mora,32364,32364,24,True
4120,Independiente,34,34,Sin mora,15605,15605,13,True
2872,Empleado,55,40,Sin mora,13586,13586,23,True
2044,Empleado,64,38,Sin mora,6094,6094,10,True
1394,Independiente,61,57,Con mora,5332,0,0,False
3203,Empleado,27,72,Sin mora,18342,18342,23,True
2244,Independiente,61,31,Sin mora,8551,8551,19,True
1578,Empleado,33,49,Sin mora,11675,11675,21,True
2353,Empleado,38,65,Sin mora,13578,13578,13,True
1918,Empleado,57,39,Sin mora,8884,8884,18,True
4687,Empleado,33,22,Sin mora,10464,10464,21,True
3882,Empleado,56,43,Sin mora,19399,19399,19,True
2992,Empleado,51,14,Sin mora,19713,19713,17,True
4480,Empleado,22,76,Sin mora,16098,16098,24,True
3077,Independiente,36,15,Sin mora,21049,21049,20,True
2139,Empleado,29,41,Con mora,7510,0,0,False
4523,Independiente,29,47,Sin mora,31401,31401,21,True
3539,Empleado,58,79,Sin mora,8889,8889,21,True
1963,Empleado,31,22,Sin mora,14128,14128,11,True
2810,Empleado,42,18,Sin mora,14036,14036,15,True
2124,Independiente,53,11,Sin mora,8027,8027,23,True
1617,Independiente,56,21,Sin mora,5806,5806,13,True
3926,Empleado,43,25,Con mora,18028,18028,12,True
4909,Independiente,54,54,Sin mora,39244,39244,15,True
1601,Independiente,29,25,Sin mora,5318,5318,13,True
3563,Independiente,44,11,Sin mora,9333,9333,24,True
2349,Empleado,28,68,Sin mora,12943,12943,23,True
2513,Empleado,27,36,Sin mora,12392,12392,17,True
2408,Independiente,56,35,Con mora,12390,0,0,False
2136,Independiente,38,31,Sin mora,12819,12819,21,True
3049,Independiente,23,78,Con mora,10985,0,0,False
2169,Empleado,48,22,Con mora,16189,0,0,False
3270,Empleado,26,73,Con mora,15088,0,0,False
2950,Independiente,64,64,Sin mora,8185,0,0,False
2761,Independiente,64,15,Sin mora,17819,17819,18,True
2092,Independiente,41,79,Sin mora,12256,0,0,False
2423,Empleado,48,29,Sin mora,9436,9436,20,True
3755,Empleado,60,17,Sin mora,21513,21513,20,True
3501,Independiente,21,68,Con mora,11620,0,0,False
2022,Independiente,56,59,Sin mora,9441,0,0,False
3099,Independiente,41,53,Sin mora,22922,22922,21,True
3751,Empleado,63,21,Sin mora,10507,10507,15,True
1331,Independiente,55,43,Sin mora,5750,0,0,False
3543,Empleado,33,65,Sin mora,24542,24542,14,True
2337,Empleado,30,31,Con mora,18268,0,0,False
3571,Independiente,64,32,Sin mora,16868,16868,10,True
2237,Independiente,30,10,Con mora,11279,0,0,False
1195,Independiente,33,22,Con mora,6492,0,0,False
1372,Empleado,57,71,Con mora,10419,0,0,False
3048,Empleado,58,41,Sin mora,21791,21791,14,True
3260,Empleado,44,79,Con mora,9857,0,0,False
2096,Empleado,22,38,Sin mora,9685,9685,19,True
3639,Independiente,42,60,Sin mora,17409,17409,19,True
1338,Empleado,37,30,Sin mora,9011,9011,16,True
2934,Empleado,56,35,Sin mora,16481,16481,20,True
1789,Independiente,34,23,Sin mora,10600,10600,13,True
2348,Empleado,30,34,Sin mora,18759,18759,22,True
3047,Empleado,55,48,Sin mora,7464,7464,12,True
2140,Empleado,45,79,Con mora,7143,0,0,False
2615,Empleado,23,56,Sin mora,11630,11630,15,True
4006,Empleado,58,24,Sin mora,16371,16371,21,True
2423,Empleado,37,13,Sin mora,5161,5161,18,True
3836,Independiente,32,19,Sin mora,9784,9784,17,True
1870,Independiente,44,49,Con mora,11380,0,0,False
3530,Empleado,49,64,Sin mora,25684,25684,20,True
4442,Independiente,63,76,Sin mora,22589,22589,25,True
800,Independiente,45,11,Sin mora,4188,4188,22,True
2203,Empleado,56,47,Con mora,7778,0,0,False
3577,Empleado,46,43,Sin mora,23634,23634,16,True
2797,Empleado,58,56,Con mora,18211,0,0,False
3371,Empleado,21,49,Sin mora,18642,18642,18,True
2396,Independiente,40,58,Sin mora,7849,0,0,False
3087,Independiente,48,56,Sin mora,7971,7971,24,True
2844,Independiente,36,18,Con mora,6784,0,0,False
4168,Empleado,37,66,Sin mora,23158,23158,18,True
3254,Empleado,60,19,Sin mora,22616,22616,17,True
3338,Independiente,48,59,Sin mora,23867,23867,15,True
2588,Empleado,32,39,Sin mora,12375,12375,21,True
2512,Empleado,47,46,Sin mora,16845,16845,14,True
2567,Empleado,62,73,Con mora,19718,0,0,False
3394,Empleado,50,72,Sin mora,12392,12392,15,True
2579,Independiente,61,67,Sin mora,11316,0,0,False
3290,Empleado,54,46,Con mora,24967,0,0,False
5075,Empleado,57,62,Sin mora,20449,20449,19,True
3871,Empleado,26,46,Sin mora,28968,28968,17,True
2674,Empleado,27,71,Sin mora,21088,21088,16,True
4201,Empleado,52,38,Sin mora,25084,25084,24,True
2592,Empleado,52,78,Sin mora,17888,0,0,False
962,Independiente,45,75,Sin mora,6250,0,0,False
1992,Empleado,53,62,Sin mora,12345,12345,24,True
1129,Empleado,27,30,Sin mora,4337,4337,17,True
2648,Empleado,32,19,Con mora,6203,0,0,False
3018,Independiente,36,70,Con mora,12248,0,0,False
4676,Independiente,36,22,Con mora,28064,0,0,False
3327,Independiente,63,70,Con mora,8701,0,0,False
2781,Empleado,56,44,Sin mora,5761,5761,17,True
3829,Empleado,33,38,Con mora,10867,0,0,False
800,Independiente,27,73,Sin mora,5036,0,0,False
3236,Empleado,56,52,Sin mora,25360,25360,23,True
3771,Empleado,29,50,Sin mora,29785,29785,22,True
1521,Empleado,52,49,Sin mora,7550,7550,13,True
4144,Empleado,31,36,Con mora,29904,0,0,False
3338,Empleado,28,65,Con mora,21433,0,0,False
2585,Empleado,53,28,Sin mora,12941,12941,11,True
3633,Independiente,43,76,Con mora,19751,0,0,False
5271,Empleado,45,73,Sin mora,14882,14882,18,True
3182,Empleado,28,34,Sin mora,24266,24266,20,True
3248,Empleado,42,61,Sin mora,13354,13354,19,True
2541,Empleado,24,50,Sin mora,11884,11884,16,True
2150,Empleado,60,34,Con mora,12964,0,0,False
3830,Independiente,23,79,Con mora,15333,0,0,False
2144,Empleado,49,12,Con mora,7559,0,0,False
3072,Independiente,61,28,Sin mora,17776,17776,20,True
2522,Independiente,49,46,Con mora,5422,0,0,False
3479,Empleado,54,47,Sin mora,22002,22002,22,True
3334,Empleado,54,51,Con mora,16951,0,0,False
4038,Independiente,48,63,Sin mora,22752,22752,14,True
2490,Empleado,33,54,Sin mora,14420,14420,11,True
2730,Empleado,35,52,Sin mora,14093,14093,15,True
2021,Independiente,43,14,Sin mora,11106,11106,21,True
2556,Empleado,64,36,Sin mora,15599,15599,17,True
3377,Empleado,46,26,Sin mora,22014,22014,22,True
3757,Empleado,24,29,Sin mora,23912,23912,18,True
2078,Independiente,46,49,Sin mora,14998,0,0,False
3870,Independiente,60,24,Sin mora,12139,12139,24,True
4356,Empleado,29,31,Sin mora,19196,19196,11,True
3413,Empleado,25,27,Sin mora,26235,26235,17,True
4877,Independiente,52,76,Sin mora,21359,21359,19,True
2226,Empleado,40,76,Sin mora,6120,0,0,False
1755,Independiente,31,53,Con mora,9043,0,0,False
1221,Empleado,35,75,Con mora,3244,0,0,False
4496,Independiente,52,65,Sin mora,14464,14464,13,True
3654,Empleado,48,51,Con mora,29195,0,0,False
2944,Independiente,42,10,Con mora,15451,0,0,False
3280,Independiente,61,64,Con mora,12150,0,0,False
1875,Independiente,37,59,Sin mora,14941,0,0,False
5446,Independiente,46,53,Sin mora,42475,42475,14,True
3129,Empleado,64,63,Sin mora,14532,14532,21,True
3109,Empleado,27,46,Sin mora,11076,11076,13,True
3726,Independiente,62,59,Sin mora,26195,26195,23,True
3481,Empleado,46,75,Sin mora,21908,21908,16,True
3224,Empleado,45,36,Con mora,19736,0,0,False
2210,Empleado,30,60,Con mora,16263,0,0,False
3471,Empleado,39,43,Sin mora,21300,21300,16,True
4882,Independiente,31,57,Sin mora,18077,18077,16,True
4345,Empleado,33,63,Sin mora,26779,26779,19,True
4593,Empleado,28,13,Con mora,17614,17614,18,True
2489,Independiente,60,55,Sin mora,16316,0,0,False
2010,Empleado,24,26,Sin mora,11494,11494,11,True
2874,Independiente,51,57,Sin mora,7083,7083,21,True
3056,Empleado,48,43,Sin mora,15515,15515,18,True
4094,Independiente,31,64,Sin mora,16621,16621,15,True
1308,Empleado,63,19,Sin mora,5195,5195,22,True
4530,Empleado,21,54,Con mora,25429,0,0,False
2842,Empleado,58,29,Con mora,11180,0,0,False
2573,Independiente,44,70,Con mora,17140,0,0,False
1988,Empleado,51,75,Con mora,4820,0,0,False
1345,Empleado,61,80,Sin mora,8019,0,0,False
3823,Empleado,46,66,Sin mora,26207,26207,16,True
3073,Empleado,25,63,Con mora,18552,0,0,False
1710,Empleado,40,25,Con mora,8522,0,0,False
1705,Empleado,61,34,Sin mora,13132,13132,20,True
2664,Independiente,31,43,Sin mora,10122,10122,23,True
4669,Empleado,53,64,Sin mora,9875,9875,11,True
2740,Empleado,58,74,Sin mora,12582,12582,22,True
1497,Independiente,47,23,Sin mora,3291,3291,19,True
2754,Independiente,54,75,Sin mora,21271,0,0,False
2727,Independiente,35,59,Sin mora,8889,0,0,False
800,Empleado,52,53,Sin mora,5387,0,0,False
2946,Empleado,41,24,Con mora,19583,0,0,False
2769,Empleado,25,14,Sin mora,9155,9155,14,True
3696,Empleado,26,50,Sin mora,21168,21168,23,True
4849,Empleado,58,56,Sin mora,11097,11097,21,True
4127,Independiente,42,25,Con mora,20228,0,0,False
2731,Independiente,38,49,Sin mora,5702,5702,18,True
1893,Empleado,34,70,Con mora,14248,0,0,False
5573,Independiente,30,68,Sin mora,43784,43784,16,True
3059,Independiente,33,75,Con mora,10198,0,0,False
3014,Empleado,51,36,Con mora,9791,0,0,False
2976,Empleado,50,32,Sin mora,19410,19410,13,True
3198,Empleado,23,62,Sin mora,11258,11258,22,True
2856,Empleado,50,40,Sin mora,21050,21050,22,True
2426,Empleado,26,16,Sin mora,13206,13206,16,True
2453,Empleado,49,30,Sin mora,10069,10069,14,True
2967,Empleado,28,39,Sin mora,20758,20758,14,True
2457,Empleado,64,30,Sin mora,12188,12188,17,True
2287,Independiente,63,33,Sin mora,17083,17083,21,True
3106,Empleado,64,31,Sin mora,23506,23506,15,True
2745,Empleado,53,13,Sin mora,8214,8214,19,True
4504,Independiente,37,55,Sin mora,9071,9071,16,True
800,Empleado,31,52,Sin mora,6323,0,0,False
4092,Empleado,33,56,Sin mora,30431,30431,10,True
4246,Independiente,31,23,Sin mora,9905,9905,10,True
927,Independiente,51,31,Con mora,6487,0,0,False
2657,Independiente,48,53,Sin mora,12612,0,0,False
2629,Independiente,64,52,Sin mora,9343,9343,23,True
1592,Independiente,26,45,Sin mora,11578,0,0,False
2222,Empleado,61,35,Con mora,7066,0,0,False
1889,Independiente,36,74,Con mora,14515,0,0,False
4752,Empleado,24,34,Con mora,15367,15367,13,True
3936,Independiente,55,42,Sin mora,22365,22365,15,True
4272,Empleado,46,57,Sin mora,14262,14262,17,True
3722,Independiente,32,48,Sin mora,19630,19630,17,True
1871,Empleado,31,34,Sin mora,11420,11420,13,True
2475,Empleado,57,40,Con mora,7775,0,0,False
3489,Empleado,45,66,Sin mora,17882,17882,10,True
1778,Independiente,38,29,Con mora,8560,0,0,False
3713,Empleado,39,20,Sin mora,9009,9009,21,True
2760,Empleado,43,32,Con mora,19071,0,0,False
2625,Empleado,58,69,Sin mora,10537,10537,17,True
3711,Independiente,38,16,Sin mora,20216,20216,19,True
3444,Independiente,46,79,Sin mora,17526,0,0,False
2639,Empleado,26,48,Sin mora,13405,13405,23,True
4159,Empleado,24,79,Sin mora,10994,10994,21,True
1919,Empleado,64,76,Con mora,8714,0,0,False
3616,Empleado,49,42,Sin mora,17047,17047,19,True
3593,Empleado,54,24,Sin mora,23002,23002,22,True
2690,Independiente,37,22,Sin mora,18938,18938,10,True
3326,Empleado,63,27,Sin mora,17528,17528,18,True
1749,Independiente,63,60,Con mora,4409,0,0,False
3924,Empleado,36,29,Con mora,13424,0,0,False
2815,Empleado,22,34,Con mora,8416,0,0,False
2477,Empleado,54,41,Con mora,6806,0,0,False
4049,Independiente,28,74,Con mora,16987,0,0,False
2296,Independiente,33,23,Sin mora,7752,7752,12,True
1592,Independiente,62,10,Con mora,5269,0,0,False
1443,Independiente,28,14,Sin mora,3360,3360,21,True
3606,Independiente,50,73,Sin mora,7594,0,0,False
1720,Empleado,52,55,Sin mora,4501,4501,23,True
4755,Independiente,56,29,Con mora,14423,0,0,False
918,Independiente,50,22,Con mora,4210,0,0,False
4696,Empleado,21,31,Sin mora,23776,23776,21,True
3211,Empleado,63,18,Con mora,9131,0,0,False
2903,Empleado,59,76,Con mora,13205,0,0,False
2455,Independiente,37,65,Sin mora,9944,0,0,False
3399,Empleado,40,42,Sin mora,10539,10539,21,True
2962,Independiente,44,71,Con mora,6046,0,0,False
4103,Independiente,42,27,Sin mora,19703,19703,17,True
3114,Empleado,49,60,Sin mora,19039,19039,21,True
3150,Independiente,42,70,Sin mora,10577,0,0,False
2636,Empleado,64,35,Sin mora,7357,7357,21,True
2943,Empleado,29,63,Con mora,21549,0,0,False
3308,Independiente,57,31,Sin mora,12075,12075,18,True
1290,Empleado,30,31,Con mora,4311,0,0,False
1652,Independiente,56,17,Con mora,11800,0,0,False
3743,Empleado,57,41,Con mora,25837,0,0,False
3171,Empleado,48,61,Sin mora,14872,14872,13,True
2816,Empleado,48,76,Sin mora,13898,13898,13,True
3018,Empleado,62,52,Sin mora,9979,9979,24,True
3348,Independiente,63,70,Sin mora,8269,0,0,False
2460,Empleado,41,68,Con mora,13384,0,0,False
2222,Independiente,44,22,Sin mora,5755,5755,19,True
3196,Empleado,62,44,Sin mora,15007,15007,19,True
2022,Empleado,60,18,Sin mora,15454,15454,11,True
3408,Independiente,22,58,Con mora,26300,0,0,False
1297,Empleado,28,76,Con mora,4456,0,0,False
4029,Independiente,47,20,Sin mora,23145,23145,18,True
3473,Empleado,42,61,Con mora,16825,0,0,False
3256,Empleado,57,54,Sin mora,23619,23619,19,True
3983,Empleado,47,51,Sin mora,14453,14453,14,True
4665,Empleado,49,37,Con mora,9434,9434,14,True
4014,Independiente,23,35,Sin mora,11943,11943,18,True
1159,Independiente,64,13,Con mora,4749,0,0,False
1720,Independiente,33,25,Sin mora,6698,6698,11,True
2375,Independiente,30,11,Sin mora,16027,16027,19,True
3026,Independiente,56,51,Con mora,18408,0,0,False
3518,Empleado,29,17,Sin mora,13359,13359,12,True
2274,Empleado,47,71,Con mora,10793,0,0,False
3187,Empleado,54,47,Con mora,8201,0,0,False
2245,Independiente,21,59,Sin mora,16588,0,0,False
2388,Empleado,52,39,Sin mora,18179,18179,12,True
1593,Empleado,45,49,Sin mora,12551,12551,16,True
2077,Independiente,49,76,Sin mora,14978,0,0,False
1648,Empleado,27,16,Sin mora,5016,5016,19,True
2024,Empleado,23,28,Sin mora,4609,4609,14,True
4054,Independiente,40,65,Sin mora,22206,22206,16,True
2051,Empleado,40,17,Sin mora,15333,15333,22,True
5632,Empleado,50,15,Con mora,17257,17257,24,True
3493,Independiente,55,35,Con mora,7134,0,0,False
3185,Empleado,55,16,Con mora,21763,0,0,False
2142,Empleado,59,51,Sin mora,5271,5271,16,True
3700,Empleado,47,26,Con mora,16584,0,0,False
2424,Empleado,46,73,Sin mora,14722,14722,12,True
3122,Empleado,34,65,Con mora,10680,0,0,False
5560,Empleado,37,59,Con mora,13921,13921,20,True
2904,Empleado,38,53,Sin mora,19225,19225,14,True
4149,Independiente,49,70,Sin mora,23986,23986,14,True
2297,Empleado,40,26,Con mora,18217,0,0,False
2965,Empleado,47,71,Con mora,12055,0,0,False
4771,Empleado,38,65,Con mora,11310,0,0,False
2373,Independiente,24,62,Sin mora,15202,0,0,False
4812,Empleado,21,49,Sin mora,24687,24687,19,True
3708,Independiente,21,27,Sin mora,12159,12159,19,True
2438,Independiente,46,40,Con mora,16311,0,0,False
3632,Independiente,40,66,Sin mora,11704,11704,18,True
3973,Independiente,43,12,Con mora,14160,0,0,False
3622,Empleado,30,65,Sin mora,9255,9255,22,True
1430,Empleado,31,27,Sin mora,6287,6287,24,True
2273,Independiente,61,20,Sin mora,10259,10259,22,True
2752,Empleado,61,18,Con mora,14000,0,0,False
2926,Empleado,25,12,Sin mora,18299,18299,13,True
3621,Empleado,21,47,Sin mora,26928,26928,11,True
3178,Independiente,37,25,Sin mora,8982,8982,11,True
1665,Empleado,42,79,Sin mora,3873,0,0,False
3380,Empleado,54,50,Sin mora,7136,7136,22,True
3611,Empleado,61,20,Con mora,10334,10334,18,True
3560,Independiente,49,58,Sin mora,21174,21174,11,True
4081,Independiente,24,73,Sin mora,25975,25975,18,True
3834,Empleado,25,62,Con mora,25761,0,0,False
3459,Empleado,31,15,Con mora,11976,11976,19,True
2930,Empleado,41,73,Sin mora,11238,11238,22,True
1339,Empleado,55,66,Sin mora,6560,0,0,False
3430,Independiente,32,21,Con mora,8160,0,0,False
3208,Empleado,46,14,Con mora,18179,0,0,False
3272,Empleado,39,49,Con mora,25857,0,0,False
1723,Independiente,27,21,Sin mora,7176,7176,14,True
1919,Empleado,27,68,Sin mora,12506,0,0,False
4053,Empleado,46,35,Con mora,20266,0,0,False
2960,Independiente,60,74,Sin mora,8190,0,0,False
3682,Empleado,25,50,Sin mora,20227,20227,24,True
3028,Independiente,41,23,Con mora,11504,0,0,False
3030,Empleado,34,20,Sin mora,6685,6685,23,True
3938,Empleado,24,50,Sin mora,22878,22878,16,True
2484,Empleado,43,63,Sin mora,17770,17770,15,True
3096,Empleado,62,65,Sin mora,12596,12596,24,True
2538,Independiente,40,29,Sin mora,11019,11019,15,True
2566,Empleado,35,24,Con mora,18850,0,0,False
2691,Empleado,49,11,Sin mora,18519,18519,12,True
3222,Independiente,28,58,Sin mora,20265,20265,20,True
2521,Empleado,61,15,Con mora,8805,0,0,False
4256,Empleado,39,39,Sin mora,31755,31755,19,True
2105,Independiente,59,52,Sin mora,6160,0,0,False
2813,Empleado,48,76,Con mora,16205,0,0,False
2560,Empleado,47,32,Con mora,5562,0,0,False
4447,Independiente,24,27,Sin mora,26070,26070,18,True
3197,Empleado,35,56,Con mora,11710,0,0,False
4032,Independiente,55,53,Sin mora,18943,18943,23,True
1514,Independiente,57,33,Con mora,6164,0,0,False
3267,Independiente,21,75,Sin mora,9920,0,0,False
3890,Empleado,23,69,Con mora,22297,0,0,False
3082,Empleado,44,26,Sin mora,22473,22473,23,True
4065,Independiente,47,27,Sin mora,31522,31522,16,True
2483,Empleado,60,46,Sin mora,7832,7832,16,True
4409,Empleado,56,64,Sin mora,27795,27795,20,True
5299,Independiente,54,13,Con mora,31720,31720,19,True
2637,Empleado,49,59,Sin mora,10707,10707,12,True
2554,Empleado,44,55,Sin mora,5401,5401,18,True
4453,Empleado,44,26,Sin mora,27336,27336,21,True
4580,Empleado,62,58,Sin mora,35142,35142,25,True
2477,Empleado,24,76,Con mora,14349,0,0,False
2580,Empleado,23,13,Con mora,11898,0,0,False
2718,Empleado,54,32,Sin mora,14000,14000,13,True
1656,Empleado,43,41,Con mora,5296,0,0,False
2081,Independiente,43,73,Con mora,13533,0,0,False
1996,Empleado,25,77,Sin mora,12931,0,0,False
2232,Empleado,51,41,Sin mora,6413,6413,13,True
2965,Independiente,61,63,Con mora,21549,0,0,False
3234,Independiente,26,47,Sin mora,11691,11691,15,True
4551,Empleado,57,48,Con mora,35923,0,0,False
2002,Empleado,30,29,Sin mora,8603,8603,12,True
3984,Empleado,60,25,Sin mora,12220,12220,14,True
2786,Empleado,27,30,Sin mora,11451,11451,16,True
2951,Independiente,59,49,Sin mora,13696,13696,21,True
3675,Empleado,58,12,Con mora,8878,8878,15,True
1877,Independiente,41,74,Sin mora,10266,0,0,False
3382,Empleado,40,21,Sin mora,18891,18891,14,True
3166,Empleado,23,25,Con mora,20369,0,0,False
3492,Empleado,42,46,Sin mora,7595,7595,13,True
3289,Empleado,24,60,Sin mora,17259,17259,17,True
5455,Independiente,48,17,Con mora,12642,12642,21,True
2362,Empleado,32,32,Con mora,14661,0,0,False
2469,Empleado,58,78,Sin mora,5764,0,0,False
2377,Empleado,56,28,Sin mora,17757,17757,11,True
2445,Independiente,61,32,Sin mora,15190,15190,18,True
2363,Empleado,25,69,Sin mora,11920,11920,23,True
4189,Empleado,33,14,Sin mora,19475,19475,10,True
4421,Independiente,43,43,Sin mora,12308,12308,24,True
2429,Independiente,50,37,Sin mora,9099,9099,12,True
2168,Empleado,57,32,Sin mora,15639,15639,23,True
3471,Empleado,45,30,Sin mora,25778,25778,17,True
2448,Independiente,47,16,Sin mora,4907,4907,20,True
3633,Independiente,34,32,Con mora,20217,0,0,False
3203,Independiente,56,13,Con mora,20230,0,0,False
1484,Independiente,59,65,Sin mora,8477,0,0,False
4548,Empleado,36,38,Sin mora,11325,11325,21,True
4796,Empleado,42,41,Sin mora,15857,15857,17,True
2387,Empleado,41,73,Sin mora,8359,0,0,False
2612,Empleado,41,56,Sin mora,18259,18259,12,True
3286,Independiente,28,11,Sin mora,15704,15704,22,True
3334,Empleado,36,76,Sin mora,16407,16407,18,True
3659,Empleado,51,27,Con mora,27843,0,0,False
5010,Empleado,62,18,Sin mora,29171,29171,20,True
2823,Empleado,30,64,Sin mora,20868,20868,23,True
2202,Independiente,52,45,Con mora,10435,0,0,False
1621,Empleado,54,40,Sin mora,4695,4695,21,True
2269,Independiente,29,27,Sin mora,17198,17198,21,True
2967,Empleado,37,48,Sin mora,14100,14100,15,True
4795,Independiente,31,29,Sin mora,14816,14816,14,True
2482,Independiente,52,73,Con mora,9467,0,0,False
3224,Empleado,30,25,Sin mora,7431,7431,16,True
2984,Independiente,42,72,Sin mora,14352,0,0,False
4188,Empleado,37,49,Sin mora,29813,29813,11,True
5527,Independiente,24,68,Sin mora,42013,42013,11,True
2469,Empleado,45,60,Con mora,18754,0,0,False
2511,Empleado,41,59,Con mora,6909,0,0,False
4044,Empleado,57,33,Sin mora,17358,17358,16,True
3682,Independiente,58,26,Sin mora,7988,7988,21,True
4847,Independiente,21,25,Sin mora,34564,34564,20,True
3584,Independiente,45,70,Con mora,14883,0,0,False
2641,Independiente,56,67,Sin mora,15283,0,0,False
3591,Empleado,37,41,Sin mora,22585,22585,22,True
4109,Empleado,61,19,Sin mora,18815,18815,23,True
3820,Empleado,44,37,Sin mora,14664,14664,13,True
3507,Empleado,22,53,Sin mora,27261,27261,23,True
4067,Empleado,60,42,Sin mora,31669,31669,23,True
4169,Empleado,35,65,Sin mora,15578,15578,18,True
4382,Independiente,52,80,Sin mora,21374,21374,20,True
3649,Empleado,59,23,Sin mora,28597,28597,16,True
2833,Empleado,26,42,Con mora,5749,0,0,False
3147,Empleado,21,40,Sin mora,14086,14086,21,True
4207,Independiente,43,31,Sin mora,10950,10950,23,True
2183,Empleado,59,24,Sin mora,11035,11035,20,True
3369,Empleado,37,15,Sin mora,7237,7237,18,True
2607,Empleado,54,72,Sin mora,11579,11579,12,True
3029,Empleado,61,39,Con mora,10069,0,0,False
4278,Independiente,49,45,Sin mora,22245,22245,17,True
3191,Empleado,29,74,Con mora,25451,0,0,False
3046,Independiente,33,64,Sin mora,20723,0,0,False
1640,Empleado,26,19,Sin mora,11601,11601,16,True
3746,Independiente,26,50,Sin mora,21770,21770,21,True
3645,Empleado,40,41,Sin mora,8199,8199,15,True
5163,Empleado,23,66,Con mora,16732,0,0,False
2692,Independiente,37,61,Con mora,20326,0,0,False
3219,Empleado,32,58,Con mora,13509,0,0,False
3249,Independiente,21,34,Con mora,8518,0,0,False
4577,Empleado,37,66,Con mora,28443,0,0,False
2905,Empleado,23,14,Sin mora,11030,11030,23,True
3279,Empleado,46,21,Sin mora,11847,11847,12,True
3608,Independiente,35,33,Sin mora,28820,28820,21,True
3187,Empleado,56,15,Sin mora,22783,22783,25,True
2554,Empleado,52,26,Con mora,11359,0,0,False
3194,Independiente,52,68,Sin mora,25174,0,0,False
4074,Empleado,24,76,Sin mora,24039,24039,24,True
1973,Independiente,38,31,Sin mora,12730,12730,11,True
3133,Empleado,39,29,Sin mora,6858,6858,17,True
2300,Independiente,63,30,Sin mora,6278,6278,23,True
4195,Empleado,55,29,Sin mora,24325,24325,20,True
1477,Empleado,60,13,Sin mora,10921,10921,16,True
2441,Independiente,34,75,Sin mora,14017,0,0,False
3377,Independiente,53,25,Sin mora,9470,9470,16,True
4566,Independiente,34,39,Sin mora,12303,12303,18,True
2934,Empleado,54,11,Sin mora,20729,20729,15,True
2445,Independiente,24,70,Sin mora,6934,0,0,False
4881,Empleado,44,61,Sin mora,24998,24998,24,True
1552,Independiente,49,76,Sin mora,3450,0,0,False
801,Independiente,39,65,Sin mora,1990,0,0,False
3440,Empleado,26,32,Sin mora,20757,20757,20,True
2498,Independiente,53,27,Sin mora,15325,15325,24,True
1979,Empleado,60,59,Sin mora,8013,8013,23,True
3708,Empleado,39,35,Sin mora,12213,12213,16,True
3244,Empleado,21,50,Con mora,22326,0,0,False
2436,Empleado,25,10,Sin mora,8045,8045,11,True
1720,Empleado,47,14,Con mora,9034,0,0,False
3872,Independiente,36,47,Sin mora,30237,30237,20,True
3650,Independiente,26,50,Sin mora,10538,10538,23,True
2901,Independiente,60,63,Sin mora,22179,0,0,False
4847,Empleado,33,19,Sin mora,15013,15013,13,True
1930,Independiente,55,46,Sin mora,10431,0,0,False
1474,Empleado,39,24,Sin mora,6282,6282,15,True
2308,Empleado,32,17,Sin mora,17978,17978,12,True
2954,Empleado,36,39,Sin mora,10756,10756,20,True
3243,Empleado,63,21,Sin mora,14263,14263,18,True
2759,Independiente,30,26,Sin mora,21788,21788,21,True
3352,Empleado,45,32,Sin mora,17493,17493,15,True
1748,Empleado,40,28,Sin mora,8768,8768,15,True
4444,Independiente,51,16,Con mora,15761,0,0,False
2918,Independiente,24,16,Con mora,18115,0,0,False
4117,Empleado,64,24,Con mora,8589,8589,11,True
3343,Empleado,43,14,Sin mora,7679,7679,22,True
3457,Empleado,22,54,Con mora,19346,0,0,False
3570,Empleado,42,30,Con mora,14459,0,0,False
3448,Empleado,57,30,Sin mora,26618,26618,22,True
3643,Empleado,28,33,Sin mora,27028,27028,15,True
4329,Empleado,27,56,Con mora,27196,0,0,False
3197,Independiente,34,71,Sin mora,22088,0,0,False
3709,Empleado,23,63,Sin mora,22269,22269,23,True
2910,Empleado,36,61,Sin mora,8013,8013,16,True
4440,Empleado,39,44,Sin mora,29274,29274,17,True
2324,Empleado,38,59,Con mora,7579,0,0,False
4801,Empleado,36,49,Sin mora,18919,18919,22,True
2960,Empleado,28,25,Sin mora,20470,20470,14,True
1569,Empleado,53,25,Sin mora,8189,8189,20,True
3128,Empleado,32,31,Sin mora,22395,22395,16,True
2319,Empleado,31,74,Sin mora,7602,0,0,False
3841,Independiente,25,48,Sin mora,21689,21689,20,True
2347,Empleado,47,61,Con mora,5874,0,0,False
2554,Independiente,32,34,Sin mora,14962,14962,15,True
1110,Independiente,37,39,Sin mora,7298,0,0,False
2548,Empleado,26,19,Sin mora,14038,14038,12,True
800,Empleado,53,22,Sin mora,2878,2878,20,True
1416,Empleado,25,68,Con mora,3098,0,0,False
3760,Empleado,48,51,Con mora,10215,0,0,False
3786,Empleado,34,34,Con mora,21708,0,0,False
3425,Empleado,25,66,Sin mora,26052,26052,19,True
2033,Empleado,53,27,Sin mora,6585,6585,21,True
2952,Independiente,61,78,Sin mora,18923,0,0,False
2996,Independiente,39,34,Sin mora,21567,21567,11,True
1842,Independiente,42,34,Con mora,9441,0,0,False
4503,Empleado,25,32,Con mora,27088,27088,11,True
3877,Independiente,22,19,Con mora,26713,0,0,False
2779,Independiente,50,18,Con mora,9904,0,0,False
3027,Independiente,59,55,Con mora,11446,0,0,False
3208,Empleado,24,71,Sin mora,6428,6428,15,True
958,Independiente,53,65,Sin mora,7452,0,0,False
2753,Empleado,33,20,Sin mora,20662,20662,21,True
2318,Independiente,40,48,Sin mora,15270,0,0,False
1998,Empleado,27,17,Sin mora,4944,4944,11,True
2719,Independiente,35,13,Sin mora,12739,12739,21,True
4798,Independiente,43,56,Con mora,12529,0,0,False
3641,Empleado,34,47,Sin mora,7630,7630,10,True
2429,Independiente,43,16,Con mora,13838,0,0,False
3573,Independiente,39,12,Con mora,27744,0,0,False
